会社名,電話番号,住所,企業URL,業種
東京アセットパートナーズ株式会社（新宿支店 賃貸課）,03-6100-2001,東京都新宿区西新宿1-2-3,https://example.com/is01-distribute/re-tokyo-001,不動産
都心レジデンス株式会社（渋谷支店 管理課）,03-6100-2002,東京都渋谷区渋谷2-2-2,https://example.com/is01-distribute/re-tokyo-002,不動産
港区プロパティーズ合同会社（港支店 仲介課）,03-6100-2003,東京都港区芝公園4-2-8,https://example.com/is01-distribute/re-tokyo-003,不動産
千代田オフィス不動産株式会社（丸の内支店 法人課）,03-6100-2004,東京都千代田区丸の内1-5-1,https://example.com/is01-distribute/re-tokyo-004,不動産
中央区開発株式会社（日本橋支店 開発課）,03-6100-2005,東京都中央区日本橋1-1-1,https://example.com/is01-distribute/re-tokyo-005,不動産
品川リビング株式会社（品川支店 賃貸課）,03-6100-2006,東京都品川区大崎1-1-1,https://example.com/is01-distribute/re-tokyo-006,不動産
目黒レジデンス合同会社（目黒支店 管理課）,03-6100-2007,東京都目黒区上目黒2-1-1,https://example.com/is01-distribute/re-tokyo-007,不動産
世田谷ホームズ株式会社（世田谷支店 仲介課）,03-6100-2008,東京都世田谷区三軒茶屋1-1-1,https://example.com/is01-distribute/re-tokyo-008,不動産
大田プロパティーズ株式会社（蒲田支店 賃貸課）,03-6100-2009,東京都大田区蒲田5-1-1,https://example.com/is01-distribute/re-tokyo-009,不動産
台東アセット株式会社（上野支店 管理課）,03-6100-2010,東京都台東区上野7-1-1,https://example.com/is01-distribute/re-tokyo-010,不動産
墨田スカイ不動産合同会社（錦糸町支店 仲介課）,03-6100-2011,東京都墨田区錦糸1-1-1,https://example.com/is01-distribute/re-tokyo-011,不動産
江東ベイフロント株式会社（豊洲支店 法人課）,03-6100-2012,東京都江東区豊洲3-3-3,https://example.com/is01-distribute/re-tokyo-012,不動産
荒川レジデンス株式会社（町屋支店 賃貸課）,03-6100-2013,東京都荒川区荒川7-1-1,https://example.com/is01-distribute/re-tokyo-013,不動産
足立アセットパートナーズ合同会社（北千住支店 管理課）,03-6100-2014,東京都足立区千住1-1-1,https://example.com/is01-distribute/re-tokyo-014,不動産
葛飾ホームズ株式会社（亀有支店 仲介課）,03-6100-2015,東京都葛飾区亀有3-1-1,https://example.com/is01-distribute/re-tokyo-015,不動産
江戸川リビング株式会社（小岩支店 賃貸課）,03-6100-2016,東京都江戸川区西小岩1-1-1,https://example.com/is01-distribute/re-tokyo-016,不動産
文京オフィス不動産合同会社（後楽園支店 法人課）,03-6100-2017,東京都文京区後楽1-1-1,https://example.com/is01-distribute/re-tokyo-017,不動産
豊島レジデンス株式会社（池袋支店 管理課）,03-6100-2018,東京都豊島区南池袋1-1-1,https://example.com/is01-distribute/re-tokyo-018,不動産
北区プロパティーズ株式会社（赤羽支店 仲介課）,03-6100-2019,東京都北区赤羽1-1-1,https://example.com/is01-distribute/re-tokyo-019,不動産
板橋ホームズ合同会社（板橋支店 賃貸課）,03-6100-2020,東京都板橋区板橋1-1-1,https://example.com/is01-distribute/re-tokyo-020,不動産
練馬アセット株式会社（練馬支店 管理課）,03-6100-2021,東京都練馬区練馬1-1-1,https://example.com/is01-distribute/re-tokyo-021,不動産
杉並レジデンス株式会社（荻窪支店 仲介課）,03-6100-2022,東京都杉並区上荻1-1-1,https://example.com/is01-distribute/re-tokyo-022,不動産
中野リビング合同会社（中野支店 賃貸課）,03-6100-2023,東京都中野区中野5-1-1,https://example.com/is01-distribute/re-tokyo-023,不動産
練馬ベイフロント不動産株式会社（石神井支店 管理課）,03-6100-2024,東京都練馬区石神井町1-1-1,https://example.com/is01-distribute/re-tokyo-024,不動産
新宿開発パートナーズ株式会社（西新宿支店 開発課）,03-6100-2025,東京都新宿区西新宿6-6-6,https://example.com/is01-distribute/re-tokyo-025,不動産
渋谷オフィス不動産株式会社（恵比寿支店 法人課）,03-6100-2026,東京都渋谷区恵比寿1-1-1,https://example.com/is01-distribute/re-tokyo-026,不動産
港区レジデンス合同会社（六本木支店 仲介課）,03-6100-2027,東京都港区六本木6-10-1,https://example.com/is01-distribute/re-tokyo-027,不動産
千代田アセット株式会社（神田支店 管理課）,03-6100-2028,東京都千代田区神田1-1-1,https://example.com/is01-distribute/re-tokyo-028,不動産
中央プロパティーズ株式会社（銀座支店 賃貸課）,03-6100-2029,東京都中央区銀座1-1-1,https://example.com/is01-distribute/re-tokyo-029,不動産
品川ホームズ合同会社（五反田支店 管理課）,03-6100-2030,東京都品川区東五反田1-1-1,https://example.com/is01-distribute/re-tokyo-030,不動産
目黒アセットパートナーズ株式会社（自由が丘支店 仲介課）,03-6100-2031,東京都目黒区自由が丘1-1-1,https://example.com/is01-distribute/re-tokyo-031,不動産
世田谷プロパティーズ合同会社（二子玉川支店 賃貸課）,03-6100-2032,東京都世田谷区玉川2-2-2,https://example.com/is01-distribute/re-tokyo-032,不動産
大田オフィス不動産株式会社（大森支店 法人課）,03-6100-2033,東京都大田区大森北1-1-1,https://example.com/is01-distribute/re-tokyo-033,不動産
台東レジデンス合同会社（浅草支店 管理課）,03-6100-2034,東京都台東区浅草1-1-1,https://example.com/is01-distribute/re-tokyo-034,不動産
墨田プロパティーズ株式会社（押上支店 仲介課）,03-6100-2035,東京都墨田区押上1-1-1,https://example.com/is01-distribute/re-tokyo-035,不動産
江東アセット株式会社（門前仲町支店 管理課）,03-6100-2036,東京都江東区門前仲町1-1-1,https://example.com/is01-distribute/re-tokyo-036,不動産
荒川ホームズ合同会社（日暮里支店 賃貸課）,03-6100-2037,東京都荒川区西日暮里2-1-1,https://example.com/is01-distribute/re-tokyo-037,不動産
足立レジデンス株式会社（綾瀬支店 管理課）,03-6100-2038,東京都足立区綾瀬3-1-1,https://example.com/is01-distribute/re-tokyo-038,不動産
葛飾アセットパートナーズ合同会社（新小岩支店 仲介課）,03-6100-2039,東京都葛飾区新小岩1-1-1,https://example.com/is01-distribute/re-tokyo-039,不動産
江戸川プロパティーズ株式会社（葛西支店 賃貸課）,03-6100-2040,東京都江戸川区中葛西5-1-1,https://example.com/is01-distribute/re-tokyo-040,不動産
文京レジデンス合同会社（本郷支店 管理課）,03-6100-2041,東京都文京区本郷1-1-1,https://example.com/is01-distribute/re-tokyo-041,不動産
豊島オフィス不動産株式会社（大塚支店 法人課）,03-6100-2042,東京都豊島区北大塚2-1-1,https://example.com/is01-distribute/re-tokyo-042,不動産
北区アセット株式会社（王子支店 管理課）,03-6100-2043,東京都北区王子1-1-1,https://example.com/is01-distribute/re-tokyo-043,不動産
板橋プロパティーズ合同会社（成増支店 仲介課）,03-6100-2044,東京都板橋区成増2-1-1,https://example.com/is01-distribute/re-tokyo-044,不動産
練馬ホームズ株式会社（光が丘支店 賃貸課）,03-6100-2045,東京都練馬区光が丘5-1-1,https://example.com/is01-distribute/re-tokyo-045,不動産
杉並アセット合同会社（高円寺支店 管理課）,03-6100-2046,東京都杉並区高円寺北2-1-1,https://example.com/is01-distribute/re-tokyo-046,不動産
中野レジデンス株式会社（東中野支店 仲介課）,03-6100-2047,東京都中野区東中野1-1-1,https://example.com/is01-distribute/re-tokyo-047,不動産
新宿プロパティーズ合同会社（四谷支店 賃貸課）,03-6100-2048,東京都新宿区四谷1-1-1,https://example.com/is01-distribute/re-tokyo-048,不動産
渋谷ホームズ株式会社（代官山支店 管理課）,03-6100-2049,東京都渋谷区代官山町1-1,https://example.com/is01-distribute/re-tokyo-049,不動産
港区オフィス不動産合同会社（汐留支店 法人課）,03-6100-2050,東京都港区東新橋1-1-1,https://example.com/is01-distribute/re-tokyo-050,不動産
